"productId","productName","imageIndex","isPrimary","url","status","httpStatus","contentType","error"
"xnCLXV4bdJKf9uUBRH3G","Acustic","0","true","https://firebasestorage.googleapis.com/v0/b/web-shop-model.appspot.com/o/images%2F1762519874612-acustic2.jpg?alt=media&token=c768e296-6039-43d9-9525-4c56e25958ad","unavailable","402","application/json; charset=UTF-8",""
"ZtQdY6Pb69FyTJ1xXJAS","Akcija Proizvod","0","true","https://firebasestorage.googleapis.com/v0/b/web-shop-model.appspot.com/o/images%2F1741448848948-coral.jpg?alt=media&token=f1924b57-c165-4770-b2ae-032bb35ab057","unavailable","402","application/json; charset=UTF-8",""
"0HYakc8U67tj4V1e7TBQ","Akord","0","true","https://firebasestorage.googleapis.com/v0/b/web-shop-model.appspot.com/o/images%2F1762513246540-akord.webp?alt=media&token=f02d33ed-a353-4e5d-ae63-376a5fe9b7a8","unavailable","402","application/json; charset=UTF-8",""
"3vq91QABUOxppFvXLFKN","Alijansa Plus","0","true","https://firebasestorage.googleapis.com/v0/b/web-shop-model.appspot.com/o/images%2F1762513378987-alijansa.jpg?alt=media&token=8f620b62-39da-4fdd-a4b1-ff5427a99e55","unavailable","402","application/json; charset=UTF-8",""
"hDo1cSagRfkYrJExSrTv","Amino Copper 8","0","true","https://firebasestorage.googleapis.com/v0/b/web-shop-model.appspot.com/o/images%2F1741768948620-FITOFERT-AMINO-COPPER-8.jpg?alt=media&token=01a7e43d-dfaa-4b27-815c-a7724381780b","unavailable","402","application/json; charset=UTF-8",""
"VRdIWSOhoVzeZUYQQrp7","Aminoflex 25","0","true","https://firebasestorage.googleapis.com/v0/b/web-shop-model.appspot.com/o/images%2F1741767449322-1.jpg?alt=media&token=5f8c247f-0f4a-4f67-9e60-0d10986475e0","unavailable","402","application/json; charset=UTF-8",""
"9kI24Pwio8qT4HdvKdif","Aminomax 80","0","true","https://firebasestorage.googleapis.com/v0/b/web-shop-model.appspot.com/o/images%2F1741769086106-FITOFERT-AMINOMAX80.jpg?alt=media&token=bd4fd5d6-61c6-4935-874f-382930938207","unavailable","402","application/json; charset=UTF-8",""
"Jzxwj9imdZADJMPBUVsr","Astrid","0","true","https://firebasestorage.googleapis.com/v0/b/web-shop-model.appspot.com/o/images%2F1762508813305-Astrid.webp?alt=media&token=e78fbcb0-1b7a-4d12-a8b2-523c639ad802","unavailable","402","application/json; charset=UTF-8",""
"HeY8NupMoZr5Dro9Uvm9","Atlas Flow","0","true","https://firebasestorage.googleapis.com/v0/b/web-shop-model.appspot.com/o/images%2F1762513573124-Atlas-Flow-Fungicid1.jpg?alt=media&token=b5611772-e3ec-4fb3-9440-908fde66935b","unavailable","402","application/json; charset=UTF-8",""
"Tm4X8aJYbDPc8PSBlcoy","Bacillo Stoper","0","true","https://firebasestorage.googleapis.com/v0/b/web-shop-model.appspot.com/o/images%2F1764232721527-bacilo%20stoper.png?alt=media&token=4ba858cf-7fe5-41ff-944b-e71c14523efa","unavailable","402","application/json; charset=UTF-8",""
"K0QgAu9OhF8ZiV9BNSmT","Bacilomix Biotic B","0","true","https://firebasestorage.googleapis.com/v0/b/web-shop-model.appspot.com/o/images%2F1764233425155-BioticHome.png?alt=media&token=0a4b8362-66b8-41d7-8ee8-39d31091e25b","unavailable","402","application/json; charset=UTF-8",""
"36L0zycmIu0oJ9OBKWYd","Bacilomix Botrix B","0","true","https://firebasestorage.googleapis.com/v0/b/web-shop-model.appspot.com/o/images%2F1764233310283-BotrixHome.png?alt=media&token=1df2d830-8b0d-40a9-b5cb-33c300252309","unavailable","402","application/json; charset=UTF-8",""
"WtXAyhkz7iKVnjXcKPpF","Bacilomix Gramino B","0","true","https://firebasestorage.googleapis.com/v0/b/web-shop-model.appspot.com/o/images%2F1764233084810-GraminoHome.png?alt=media&token=f15d2b4e-17e3-4996-8a9e-b868ac28bd5b","unavailable","402","application/json; charset=UTF-8",""
"lGmVEKyMZW8txDVWnUZd","Bacilomix Orginal","0","true","https://firebasestorage.googleapis.com/v0/b/web-shop-model.appspot.com/o/images%2F1764232970494-bacilomix%20orginal.png?alt=media&token=81a640fb-a5d6-4f95-989c-c27a0b1de95f","unavailable","402","application/json; charset=UTF-8",""
"GSsozjuvGXarcfxnRg0v","Bacilomix Razor B","0","true","https://firebasestorage.googleapis.com/v0/b/web-shop-model.appspot.com/o/images%2F1764233164172-RazorHome.png?alt=media&token=bfecd4db-25e4-42eb-aa69-7ef4da73647f","unavailable","402","application/json; charset=UTF-8",""
"hSVW4ECh1dhyArEIlACt","Bacilomix Semennops ","0","true","https://firebasestorage.googleapis.com/v0/b/web-shop-model.appspot.com/o/images%2F1764232849470-SemennopsHome.png?alt=media&token=0ac67de2-443c-401e-9494-07093052bedc","unavailable","402","application/json; charset=UTF-8",""
"MYPPoBSev5cTeUJ28a5u","Bakarni Oksihlorid","0","true","https://firebasestorage.googleapis.com/v0/b/web-shop-model.appspot.com/o/images%2F1762513710601-bakarni_oksihlorid_50_b.jpg?alt=media&token=2cffa814-d481-4690-b587-8da3e2df0ea1","unavailable","402","application/json; charset=UTF-8",""
"8FU87FtjkrI5InzYeKK8","Baktersol K","0","true","https://firebasestorage.googleapis.com/v0/b/web-shop-model.appspot.com/o/images%2F1764322467656-Baktersol-K.jfif?alt=media&token=a1687de6-9b30-4f58-b7e3-db3496aa0766","unavailable","402","application/json; charset=UTF-8",""
"lurXfguXVpDmmM9bwzFn","Baktersol N","0","true","https://firebasestorage.googleapis.com/v0/b/web-shop-model.appspot.com/o/images%2F1764322240081-baktersol-N-gvpj.jpg?alt=media&token=fe07c1bd-00fa-4d39-b3a7-635d512109a8","unavailable","402","application/json; charset=UTF-8",""
"2T9FPfFaF9C4UpvfETSg","Baktersol P","0","true","https://firebasestorage.googleapis.com/v0/b/web-shop-model.appspot.com/o/images%2F1764322358156-Baktersol-P.jfif?alt=media&token=26376beb-2c2a-40af-b0d2-0772a9f55215","unavailable","402","application/json; charset=UTF-8",""
"MiKMvGbFKhRF7OkBXsEs","Balb","0","true","https://firebasestorage.googleapis.com/v0/b/web-shop-model.appspot.com/o/images%2F1762513795297-balb.webp?alt=media&token=2053d5dd-c7d1-4e65-bb82-c04aceb3e136","unavailable","402","application/json; charset=UTF-8",""
"pIIbUG6mA54m9aG4bo21","Basar","0","true","https://firebasestorage.googleapis.com/v0/b/web-shop-model.appspot.com/o/images%2F1762509079148-basar%20galenika.webp?alt=media&token=2ef5fda1-231f-4f58-858c-a798d5fa8d33","unavailable","402","application/json; charset=UTF-8",""
"DKrX4SX2xHbZ5WMLr4Kd","Bioflex L","0","true","https://firebasestorage.googleapis.com/v0/b/web-shop-model.appspot.com/o/images%2F1741767545737-2.jpg?alt=media&token=215c2955-15ac-4c57-bcfd-922a3e05a995","unavailable","402","application/json; charset=UTF-8",""
"d7YBRbXb3ejQXSVPZ72o","Bioflex-P","0","true","https://firebasestorage.googleapis.com/v0/b/web-shop-model.appspot.com/o/images%2F1741769137684-FITOFERT-BIOFLEX-P.jpg?alt=media&token=44b44901-c4a8-4616-a5e1-41179fe48399","unavailable","402","application/json; charset=UTF-8",""
"UMrtitS5K3pyZ4oUxVWe","Bombardier ","0","true","https://firebasestorage.googleapis.com/v0/b/web-shop-model.appspot.com/o/images%2F1740857441462-bombardier.png?alt=media&token=7dbc6b05-c1f8-4205-9a57-c8d8f3c70dff","unavailable","402","application/json; charset=UTF-8",""
"WyLsnO6jwuYpQaJTPxKh","Bonaca","0","true","https://firebasestorage.googleapis.com/v0/b/web-shop-model.appspot.com/o/images%2F1762509214505-bonaca.webp?alt=media&token=ba128ba1-a418-4d8c-bc28-23cdc8fec916","unavailable","402","application/json; charset=UTF-8",""
"XNzxoPj9v6NXNTXwTtsN","Bor-Amin 150","0","true","https://firebasestorage.googleapis.com/v0/b/web-shop-model.appspot.com/o/images%2F1741768702661-FITOFERT-BOR-AMIN-150.jpg?alt=media&token=5ff8acc3-4a12-46e4-95eb-8e55e8c2eb5e","unavailable","402","application/json; charset=UTF-8",""
"7F73aOyNTeqwiPr1Ix02","Bordovska Čorba","0","true","https://firebasestorage.googleapis.com/v0/b/web-shop-model.appspot.com/o/images%2F1762513971853-Bordovska-Corba.webp?alt=media&token=b0973c42-2c52-42f9-9e33-576e9ac62fd4","unavailable","402","application/json; charset=UTF-8",""
"z6FUbLhHHTp1k4W19low","Bormax 20","0","true","https://firebasestorage.googleapis.com/v0/b/web-shop-model.appspot.com/o/images%2F1741768654621-FITOFERT-BOR-MAX-20.jpg?alt=media&token=7829432c-52da-4c13-bc3d-437dce9a9791","unavailable","402","application/json; charset=UTF-8",""
"qUKozxFkfWZfxUC7lpCN","Brexil Mix","0","true","https://firebasestorage.googleapis.com/v0/b/web-shop-model.appspot.com/o/images%2F1764234700837-brexil%20mix.jpg?alt=media&token=fdcdae15-35c8-494a-9bf5-8f6ea7627db7","unavailable","402","application/json; charset=UTF-8",""
"GfyQWcOuWtJVJtHoOM6K","Ca-Apple","0","true","https://firebasestorage.googleapis.com/v0/b/web-shop-model.appspot.com/o/images%2F1741768290524-6.jpg?alt=media&token=1d7df213-426d-4f66-a9cc-444446e49098","unavailable","402","application/json; charset=UTF-8",""
"MPCs4RDTWKi5ZtSwP4n1","Cal-Amino 15","0","true","https://firebasestorage.googleapis.com/v0/b/web-shop-model.appspot.com/o/images%2F1741767826444-3.jpg?alt=media&token=96b17e4d-1249-43d5-96b3-24ac6c924046","unavailable","402","application/json; charset=UTF-8",""
"hHIahP2fqYxKkIfjjB25","Calcium Organo 30","0","true","https://firebasestorage.googleapis.com/v0/b/web-shop-model.appspot.com/o/images%2F1741767955077-fitofert-calcium-organo-30.jpg?alt=media&token=84eb45a4-2ad6-4560-a444-8bd620dbf84b","unavailable","402","application/json; charset=UTF-8",""
"3VCbrd187BXxfkqiW3Jr","Celer rebraš Tango F1","0","true","https://firebasestorage.googleapis.com/v0/b/web-shop-model.appspot.com/o/images%2F1762588175723-tango%20celer.jpg?alt=media&token=dcd14e15-65b4-47ed-a026-3cf4a9dd471f","unavailable","402","application/json; charset=UTF-8",""
"3VCbrd187BXxfkqiW3Jr","Celer rebraš Tango F1","1","false","https://firebasestorage.googleapis.com/v0/b/web-shop-model.appspot.com/o/images%2F1762588177535-tango%202.jpg?alt=media&token=c7a08b97-aac9-4a8f-aabc-f8c38fb29e34","unavailable","402","application/json; charset=UTF-8",""
"3VCbrd187BXxfkqiW3Jr","Celer rebraš Tango F1","2","false","https://firebasestorage.googleapis.com/v0/b/web-shop-model.appspot.com/o/images%2F1762588180862-tango%20kesica.jpg?alt=media&token=d8a05fdb-5b20-492d-94b6-2750bf99393e","unavailable","402","application/json; charset=UTF-8",""
"HFDws1BTGIbjNVLBTqWM","Cink Organo 14","0","true","https://firebasestorage.googleapis.com/v0/b/web-shop-model.appspot.com/o/images%2F1741768898714-FITOFERT-CINK-ORGANO-14.jpg?alt=media&token=ffc6f973-a7f5-4311-b4b8-a66c48dfed91","unavailable","402","application/json; charset=UTF-8",""
"YY6zvn61rSAj9ddiZPfF","Cipkord","0","true","https://firebasestorage.googleapis.com/v0/b/web-shop-model.appspot.com/o/images%2F1761989652563-cipkord.jpeg?alt=media&token=02c93d4f-bd82-4c68-becb-cf63a141b432","unavailable","402","application/json; charset=UTF-8",""
"xKSEDTdCV8YUSYd7ZC08","Combivit Complex 14","0","true","https://firebasestorage.googleapis.com/v0/b/web-shop-model.appspot.com/o/images%2F1741769008688-FITOFERT-COMBIVIT-COMPLEX-14.jpg?alt=media&token=a8257d8b-d724-4409-bd6d-9b086ae81057","unavailable","402","application/json; charset=UTF-8",""
"YBwOXrwXTOG1HzqblE9J","Cosavet 80-DF","0","true","https://firebasestorage.googleapis.com/v0/b/web-shop-model.appspot.com/o/images%2F1762514942449-COSAVET-80-DF-sumpor-800-g-kg-1-kg.webp?alt=media&token=a9f3e9bd-39ff-4ef5-83d9-4cce4d6b165a","unavailable","402","application/json; charset=UTF-8",""
"Ltu4RiiSAWdxELKALRrA","Cuprozin 35 WP","0","true","https://firebasestorage.googleapis.com/v0/b/web-shop-model.appspot.com/o/images%2F1762515433466-cuprozin.jpg?alt=media&token=df5c0d9f-91f3-4605-a2f9-4c763040fbc7","unavailable","402","application/json; charset=UTF-8",""
"ZkANUFSC6DvRLezIovjp","Detektor","0","true","https://firebasestorage.googleapis.com/v0/b/web-shop-model.appspot.com/o/images%2F1762509391834-detektor1.jpg?alt=media&token=fbd83c00-3a15-4140-9024-f3f9e3aac158","unavailable","402","application/json; charset=UTF-8",""
"KoCWGD7Hhm5ucwGQnn4b","Energy Active 15-5-33","0","true","https://firebasestorage.googleapis.com/v0/b/web-shop-model.appspot.com/o/images%2F1741718362400-FITOFERT-ENEGRY-ACTIVE-2022-900x450px.png?alt=media&token=12b65798-78b5-4544-be2d-f1566da0ed56","unavailable","402","application/json; charset=UTF-8",""
"Ds3cA9L0hpLdNhCl6zfH","Energy Balance 20-10-20","0","true","https://firebasestorage.googleapis.com/v0/b/web-shop-model.appspot.com/o/images%2F1741718301288-FITOFERT-ENEGRY-BALANCE-2022-900x450px.png?alt=media&token=d9949c00-2028-4859-ae0a-03bfd095363a","unavailable","402","application/json; charset=UTF-8",""
"gZyg7bYHcL6NGWWprJJr","Energy Complete 10-5-20+8CaO+2MgO+ME","0","true","https://firebasestorage.googleapis.com/v0/b/web-shop-model.appspot.com/o/images%2F1741718591162-FITOFERT-ENEGRY-COMPLETE-2022-900x450px.png?alt=media&token=349c8ed3-5563-4fc6-95c5-40010d8157a0","unavailable","402","application/json; charset=UTF-8",""
"DHJ4DCVy6AWRvF31ljiq","Energy Complete 14-7-15+14CaO+ME","0","true","https://firebasestorage.googleapis.com/v0/b/web-shop-model.appspot.com/o/images%2F1741718489902-FITOFERT-ENEGRY-COMPLETE-A-2022-900x450px.png?alt=media&token=9cafbff9-79da-48c7-9194-c4b4fa8ecee9","unavailable","402","application/json; charset=UTF-8",""
"UP27buAiIb4lqaQsefHk","Energy Finish 0-10-45","0","true","https://firebasestorage.googleapis.com/v0/b/web-shop-model.appspot.com/o/images%2F1741718412121-FITOFERT-ENEGRY-FINISH-2022-900x450px.png?alt=media&token=e22b445c-6b43-469a-b423-10b634842de9","unavailable","402","application/json; charset=UTF-8",""
"SFg83vfDGezIRSSSGcdS","Energy Root 5-55-10","0","true","https://firebasestorage.googleapis.com/v0/b/web-shop-model.appspot.com/o/images%2F1741718153588-FITOFERT-ENEGRY-ROOT-2022-900x450px.png?alt=media&token=bd08ab38-3b3f-40ee-a3c8-a432717ad1d3","unavailable","402","application/json; charset=UTF-8",""
"yVgcQDK0Laa06Q0F1gnj","Etiol ultra","0","true","https://firebasestorage.googleapis.com/v0/b/web-shop-model.appspot.com/o/images%2F1761990216611-etiol%20ultra%201.jpg?alt=media&token=dd7cbc18-4d63-4eaa-b4cd-2feaae9d7b08","unavailable","402","application/json; charset=UTF-8",""
"H0IqzXczLgC6t1AXjAif","Ferro Chell 6","0","true","https://firebasestorage.googleapis.com/v0/b/web-shop-model.appspot.com/o/images%2F1741768805404-FITOFERT-FERRO-CHELL-6.jpg?alt=media&token=38ea0135-18d4-4da3-8e3b-40050a0c7b16","unavailable","402","application/json; charset=UTF-8",""
"PxCq9sHRUAXmcFxTCtxC","Ferro Max 11","0","true","https://firebasestorage.googleapis.com/v0/b/web-shop-model.appspot.com/o/images%2F1741768756304-FITOFERT-FERRO-MAX-11.jpg?alt=media&token=29985191-a6eb-4bfc-a3ea-eaf093467551","unavailable","402","application/json; charset=UTF-8",""
"b7gxDhGJQyCV7CUG9k5N","Fitofert Fulvimax 80","0","true","https://firebasestorage.googleapis.com/v0/b/web-shop-model.appspot.com/o/images%2F1741769462190-FITOFERT-FULVIMAX-80.jpg?alt=media&token=b478fe24-1f98-428b-9887-b92f79d90607","unavailable","402","application/json; charset=UTF-8",""
"Chc8tVZWRa9e84rxpprb","Fitofert Humistart ","0","true","https://firebasestorage.googleapis.com/v0/b/web-shop-model.appspot.com/o/images%2F1741717048991-4022.jpg?alt=media&token=63609cd8-dca4-4ab1-95b7-74e741bc8579","unavailable","402","application/json; charset=UTF-8",""
"i4Lxn3FMTR3dgpyEPmrK","Fitofert Humisuper Plus ","0","true","https://firebasestorage.googleapis.com/v0/b/web-shop-model.appspot.com/o/images%2F1741717186687-humi-super.jpg?alt=media&token=8b0fd61e-0d3a-404a-ac05-6b72b946abd3","unavailable","402","application/json; charset=UTF-8",""
"u78jZIYyjuX6TuT1YLYw","Fitofert K- Complex 20","0","true","https://firebasestorage.googleapis.com/v0/b/web-shop-model.appspot.com/o/images%2F1741717710618-k%20complex.jpg?alt=media&token=218a73ce-9bf8-4052-a681-c6c073400292","unavailable","402","application/json; charset=UTF-8",""
"ozPdPNhv2F64CnUA68Lg","Fitofert Liquid 12-4-6","0","true","https://firebasestorage.googleapis.com/v0/b/web-shop-model.appspot.com/o/images%2F1741717891089-lllll.jpg?alt=media&token=06308814-f8d8-4d89-a5f8-ff6ac374474d","unavailable","402","application/json; charset=UTF-8",""
"MedRlEG3iXuhZUb5ovDm","Fitofert Quatro","0","true","https://firebasestorage.googleapis.com/v0/b/web-shop-model.appspot.com/o/images%2F1741717476688-quatro.png?alt=media&token=85ea357b-fc71-46ae-a6e6-699bccb72128","unavailable","402","application/json; charset=UTF-8",""
"tYOVktTStykOcYuUg0ug","Flux","0","true","https://firebasestorage.googleapis.com/v0/b/web-shop-model.appspot.com/o/images%2F1762515555823-flux.webp?alt=media&token=c57f3ffe-cab9-480d-8752-e5f1807f3013","unavailable","402","application/json; charset=UTF-8",""
"THS8GjPCJmHICxgTtaTD","Fortis Active","0","true","https://firebasestorage.googleapis.com/v0/b/web-shop-model.appspot.com/o/images%2F1764235489364-ACTIVE-OBE-768x559.avif?alt=media&token=547db27c-054d-4665-9fe3-03dde8217356","unavailable","402","application/json; charset=UTF-8",""
"4mVgn7HIyWUdt68tylBx","Fortis Aminorich 70","0","true","https://firebasestorage.googleapis.com/v0/b/web-shop-model.appspot.com/o/images%2F1764235551486-AMINORICH-OBE-768x559.avif?alt=media&token=cde5ab70-afa7-45dc-9403-08ac81996984","unavailable","402","application/json; charset=UTF-8",""
"9cfAKE36R8SCyaPl2pPs","Fortis Aminostar","0","true","https://firebasestorage.googleapis.com/v0/b/web-shop-model.appspot.com/o/images%2F1764235202436-AMINOSTAR-OBE-768x559.avif?alt=media&token=f01f6a97-a71d-46c0-9985-61dee1ea9060","unavailable","402","application/json; charset=UTF-8",""
"4Jlb3a6GZ01EBVvrFMDr","Fortis Blossom","0","true","https://firebasestorage.googleapis.com/v0/b/web-shop-model.appspot.com/o/images%2F1764235359416-BLOSSOM-OBA-768x559.avif?alt=media&token=b0ed7484-b677-42cf-a270-87e9566d71f9","unavailable","402","application/json; charset=UTF-8",""
"mQEyAgcbpHQQWGqoYUtC","Fortis Koren Max","0","true","https://firebasestorage.googleapis.com/v0/b/web-shop-model.appspot.com/o/images%2F1764235423582-KOREN-MAX-OBE-768x559.avif?alt=media&token=b9e92aa5-110a-44db-97c1-a91ec3612803","unavailable","402","application/json; charset=UTF-8",""
"z2ktIjreQ0WzwodYXMoq","Frendy - Complete Stix 200gr","0","true","https://firebasestorage.googleapis.com/v0/b/web-shop-model.appspot.com/o/images%2F1741593274855-Frendy-complete-stix.png?alt=media&token=247ea64a-fd4e-4bac-86f6-7bdee8fce775","unavailable","402","application/json; charset=UTF-8",""
"bq0BUGEc3tzxKkNQvlb8","Frendy - Štapići za dresuru 920gr","0","true","https://firebasestorage.googleapis.com/v0/b/web-shop-model.appspot.com/o/images%2F1741593465243-Frendy-stapici-za-dresuru.png?alt=media&token=f030ae67-76cc-4cfb-9efd-f89c506bbf8b","unavailable","402","application/json; charset=UTF-8",""
"5zt1dqUW5R1q13zTAkDM","Frendy hrana za pse - Active menu ćuretina 10kg","0","true","https://firebasestorage.googleapis.com/v0/b/web-shop-model.appspot.com/o/images%2F1741546760204-factive.png?alt=media&token=e453b260-887f-4d2b-9682-b30cd643ce94","unavailable","402","application/json; charset=UTF-8",""
"x85Ed2WOgKogtc7zOpFe","Frendy hrana za pse - Active menu ćuretina 20kg","0","true","https://firebasestorage.googleapis.com/v0/b/web-shop-model.appspot.com/o/images%2F1741546811414-factive.png?alt=media&token=fb7da990-fbc0-4892-91cb-c414bcd52b1b","unavailable","402","application/json; charset=UTF-8",""
"zXC5yqs0Rnt3bfEvJbGe","Frendy hrana za pse - Active menu ćuretina 3kg","0","true","https://firebasestorage.googleapis.com/v0/b/web-shop-model.appspot.com/o/images%2F1741546695796-factive.png?alt=media&token=92aabb20-afea-4ebe-98bb-a7f9cde74f5e","unavailable","402","application/json; charset=UTF-8",""
"q4fP4Qft44AjmKz4Mt2Q","Frendy hrana za pse - Adult menu ćuretina 10kg","0","true","https://firebasestorage.googleapis.com/v0/b/web-shop-model.appspot.com/o/images%2F1741547177045-fadult.png?alt=media&token=958f28ff-53dd-4c51-aa57-c91fece027e5","unavailable","402","application/json; charset=UTF-8",""
"duYPVr7tepQP1Q7soFQN","Frendy hrana za pse - Adult menu ćuretina 1kg","0","true","https://firebasestorage.googleapis.com/v0/b/web-shop-model.appspot.com/o/images%2F1741547014234-fadult.png?alt=media&token=62a5fb20-c0e3-4233-beaa-b27b40052c39","unavailable","402","application/json; charset=UTF-8",""
"cAFyWWOi38Kf9lOXHRdV","Frendy hrana za pse - Adult menu ćuretina 20kg","0","true","https://firebasestorage.googleapis.com/v0/b/web-shop-model.appspot.com/o/images%2F1741547234730-fadult.png?alt=media&token=721fa536-f759-407d-9b07-2b18255e0cfa","unavailable","402","application/json; charset=UTF-8",""
"k9vTjYj8fAX8vYhjiAps","Frendy hrana za pse - Adult menu ćuretina 3kg","0","true","https://firebasestorage.googleapis.com/v0/b/web-shop-model.appspot.com/o/images%2F1741547074754-fadult.png?alt=media&token=4547f1ad-e87f-4139-9c65-6a761d146345","unavailable","402","application/json; charset=UTF-8",""
"IjJBbJO2KvTUEWZVvGZ6","Frendy hrana za pse - Complete menu ćuretina 10 kg","0","true","https://firebasestorage.googleapis.com/v0/b/web-shop-model.appspot.com/o/images%2F1741544268886-f1.png?alt=media&token=160a561a-2c22-4795-9917-12792bf818bf","unavailable","402","application/json; charset=UTF-8",""
"ENNvXATBQMynIXRCP0x0","Frendy hrana za pse - Complete menu ćuretina 1kg","0","true","https://firebasestorage.googleapis.com/v0/b/web-shop-model.appspot.com/o/images%2F1741545019033-f1.png?alt=media&token=e5492d9e-28dc-422b-832a-a7ccbf44b570","unavailable","402","application/json; charset=UTF-8",""
"oHc6NAIjcjhnGjcbOdUM","Frendy hrana za pse - Complete menu ćuretina 20kg","0","true","https://firebasestorage.googleapis.com/v0/b/web-shop-model.appspot.com/o/images%2F1741545163621-f1.png?alt=media&token=d2b569f7-5982-446a-a1eb-5dfbc85fa02a","unavailable","402","application/json; charset=UTF-8",""
"XBaTrQBPZgWuSy2rBiku","Frendy hrana za pse - Complete menu ćuretina 3kg","0","true","https://firebasestorage.googleapis.com/v0/b/web-shop-model.appspot.com/o/images%2F1741545071457-f1.png?alt=media&token=9083d499-2868-4ede-9b5d-63c59f550a6b","unavailable","402","application/json; charset=UTF-8",""
"jIur7n58vwDmfZcH4Arf","Frendy hrana za pse - Complete menu govedina 10kg","0","true","https://firebasestorage.googleapis.com/v0/b/web-shop-model.appspot.com/o/images%2F1741545753963-f1.png?alt=media&token=19ddb584-c84d-4c3f-87b4-a26e11709659","unavailable","402","application/json; charset=UTF-8",""
"RE92BxGO0HS6mqcvt1hq","Frendy hrana za pse - Complete menu govedina 1kg","0","true","https://firebasestorage.googleapis.com/v0/b/web-shop-model.appspot.com/o/images%2F1741545655220-f1.png?alt=media&token=56c0f860-7995-4b5a-a697-67e71d18508d","unavailable","402","application/json; charset=UTF-8",""
"Y26jcVcl4In6KIgtwNUH","Frendy hrana za pse - Complete menu govedina 20kg","0","true","https://firebasestorage.googleapis.com/v0/b/web-shop-model.appspot.com/o/images%2F1741545807609-f1.png?alt=media&token=32f97590-a668-45c2-bbab-2b64b4935c5c","unavailable","402","application/json; charset=UTF-8",""
"s0NsvNycq7t6edlmxtmJ","Frendy hrana za pse - Complete menu govedina 3kg","0","true","https://firebasestorage.googleapis.com/v0/b/web-shop-model.appspot.com/o/images%2F1741545703665-f1.png?alt=media&token=1128ab93-27ba-4fac-bf7e-ef0367a2efa2","unavailable","402","application/json; charset=UTF-8",""
"oyLY97OhZtPinCFWMo50","Frendy hrana za pse - Complete menu jagnjetina 10kg","0","true","https://firebasestorage.googleapis.com/v0/b/web-shop-model.appspot.com/o/images%2F1741545559258-f1.png?alt=media&token=851c51fa-9ceb-410d-95cf-a1f72bf1881c","unavailable","402","application/json; charset=UTF-8",""
"7rgEMu9i57n4IkVfouzB","Frendy hrana za pse - Complete menu jagnjetina 1kg","0","true","https://firebasestorage.googleapis.com/v0/b/web-shop-model.appspot.com/o/images%2F1741545468401-f1.png?alt=media&token=8cc81490-6ad9-40a6-911b-7c550457e518","unavailable","402","application/json; charset=UTF-8",""
"NniioWoA1dETlNASoM3K","Frendy hrana za pse - Complete menu jagnjetina 20kg","0","true","https://firebasestorage.googleapis.com/v0/b/web-shop-model.appspot.com/o/images%2F1741545605947-f1.png?alt=media&token=2e365250-2f44-4e8e-b5b0-3fab98c44013","unavailable","402","application/json; charset=UTF-8",""
"fxjZdO3Iwie3zR3ddOAr","Frendy hrana za pse - Complete menu jagnjetina 3kg","0","true","https://firebasestorage.googleapis.com/v0/b/web-shop-model.appspot.com/o/images%2F1741545515471-f1.png?alt=media&token=78cf20a4-7e20-4eeb-888f-b7bde0eed4b7","unavailable","402","application/json; charset=UTF-8",""
"oHwIbvY6WJW5iq5VaKb5","Frendy hrana za pse - Complete menu piletina 10kg","0","true","https://firebasestorage.googleapis.com/v0/b/web-shop-model.appspot.com/o/images%2F1741545321208-f1.png?alt=media&token=68e96f48-d51b-46e8-8938-41ff15cbe196","unavailable","402","application/json; charset=UTF-8",""
"E0yLHi8hUWnyy181qpuf","Frendy hrana za pse - Complete menu piletina 1kg","0","true","https://firebasestorage.googleapis.com/v0/b/web-shop-model.appspot.com/o/images%2F1741545118806-f1.png?alt=media&token=c12fc395-5ee7-42a0-ae70-d9f982638345","unavailable","402","application/json; charset=UTF-8",""
"psR5MNkRBKDbrIGFQhf3","Frendy hrana za pse - Complete menu piletina 20kg","0","true","https://firebasestorage.googleapis.com/v0/b/web-shop-model.appspot.com/o/images%2F1741545369934-f1.png?alt=media&token=2c5dc38c-d670-4543-b60d-8bec17f6a683","unavailable","402","application/json; charset=UTF-8",""
"8hZ6RRhduyzsgAS5SvAR","Frendy hrana za pse - Complete menu piletina 3kg","0","true","https://firebasestorage.googleapis.com/v0/b/web-shop-model.appspot.com/o/images%2F1741545275088-f1.png?alt=media&token=6c76b8dc-baf6-43a3-8387-dada0f88e311","unavailable","402","application/json; charset=UTF-8",""
"9TsfQzvdS9Z1gKkRoINb","Frendy hrana za pse - Hunter menu ćuretina 10kg","0","true","https://firebasestorage.googleapis.com/v0/b/web-shop-model.appspot.com/o/images%2F1741548005857-fhunter-3D-solo.png?alt=media&token=afacc15c-7147-4778-9cb6-232c6ed3861c","unavailable","402","application/json; charset=UTF-8",""
"RsxM18wNoRcjmwK6mW6h","Frendy hrana za pse - Hunter menu ćuretina 20kg","0","true","https://firebasestorage.googleapis.com/v0/b/web-shop-model.appspot.com/o/images%2F1741548055203-fhunter-3D-solo.png?alt=media&token=43964609-fa40-4587-8a58-cf8bf4923ef8","unavailable","402","application/json; charset=UTF-8",""
"7Z0rGTiEArinoQP2hX5r","Frendy hrana za pse - Hunter menu ćuretina 3kg","0","true","https://firebasestorage.googleapis.com/v0/b/web-shop-model.appspot.com/o/images%2F1741547944726-fhunter-3D-solo.png?alt=media&token=80af76d5-ed7d-4744-b912-4b200d1414ba","unavailable","402","application/json; charset=UTF-8",""
"EtevrLMDTp86rxv1IWIh","Frendy hrana za pse - Junior menu ćuretina 10kg","0","true","https://firebasestorage.googleapis.com/v0/b/web-shop-model.appspot.com/o/images%2F1741546461990-fjunior.png?alt=media&token=c27f4fec-681e-41a8-8934-e6167ce27035","unavailable","402","application/json; charset=UTF-8",""
"d9YuaZRmmqSP1PA0st5k","Frendy hrana za pse - Junior menu ćuretina 20kg","0","true","https://firebasestorage.googleapis.com/v0/b/web-shop-model.appspot.com/o/images%2F1741546515285-fjunior.png?alt=media&token=992a6cb6-7d31-4fd9-8f6d-bc7e7d849d08","unavailable","402","application/json; charset=UTF-8",""
"4zWXD4XyEVvvlqseBuSr","Frendy hrana za pse - Junior menu ćuretina 3kg","0","true","https://firebasestorage.googleapis.com/v0/b/web-shop-model.appspot.com/o/images%2F1741546400905-fjunior.png?alt=media&token=5fb0c307-1180-4fe7-a5d7-f7cb51ccae3c","unavailable","402","application/json; charset=UTF-8",""
"HP1rM9vWVAI8lLWQURfN","Frendy hrana za pse - konzerva sa govedinom 1230gr","0","true","https://firebasestorage.googleapis.com/v0/b/web-shop-model.appspot.com/o/images%2F1741593178767-frendy-konzerva-govedina.png?alt=media&token=d4ea0b2c-6e60-4e9e-a22d-044ff3f2eafb","unavailable","402","application/json; charset=UTF-8",""
"SHmpFSX82NlWbCxqMwkm","Frendy hrana za pse - konzerva sa piletinom 1230gr","0","true","https://firebasestorage.googleapis.com/v0/b/web-shop-model.appspot.com/o/images%2F1741593086074-frendy-konzerva-piletina.png?alt=media&token=dd39d925-3edc-4b17-b43a-f9f485068f0a","unavailable","402","application/json; charset=UTF-8",""
"l72OuDqBUrryJu8R6CtH","Frendy hrana za pse - Meaty Strips 200gr","0","true","https://firebasestorage.googleapis.com/v0/b/web-shop-model.appspot.com/o/images%2F1741593386484-Frendy-meaty-strips.png?alt=media&token=e2fa4236-f847-4de7-9b29-a6c59cdb9ed1","unavailable","402","application/json; charset=UTF-8",""
"8w6d39iKTrF6PtWw2wga","Frendy hrana za pse - Puppy menu ćuretina 10kg","0","true","https://firebasestorage.googleapis.com/v0/b/web-shop-model.appspot.com/o/images%2F1741547489032-fpuppy.png?alt=media&token=859e3e85-8d61-4e37-955e-0d2772907da5","unavailable","402","application/json; charset=UTF-8",""
"aNtY5I0CBHYIXlDT2Wb1","Frendy hrana za pse - Puppy menu ćuretina 1kg","0","true","https://firebasestorage.googleapis.com/v0/b/web-shop-model.appspot.com/o/images%2F1741547378226-fpuppy.png?alt=media&token=7a1e99cf-5242-461b-b830-5cad9c830fb3","unavailable","402","application/json; charset=UTF-8",""
"0BUzCa0dz4njiH473vVB","Frendy hrana za pse - Puppy menu ćuretina 3kg","0","true","https://firebasestorage.googleapis.com/v0/b/web-shop-model.appspot.com/o/images%2F1741547437521-fpuppy.png?alt=media&token=ccf61f7f-a71b-4c18-ba84-6c5ba152bc28","unavailable","402","application/json; charset=UTF-8",""
"RvMXRPenm5gwOTjKeYPc","Frendy hrana za pse - salama sa govedinom 1kg","0","true","https://firebasestorage.googleapis.com/v0/b/web-shop-model.appspot.com/o/images%2F1741592636859-Frendy-salama-za-pse-sa-govedinom.png?alt=media&token=2b0ecf4c-6a8a-40af-9947-8730d903796f","unavailable","402","application/json; charset=UTF-8",""
"rJ3ZoAiyFe3MLF4lugF9","Frendy hrana za pse - salama sa piletinom 1kg","0","true","https://firebasestorage.googleapis.com/v0/b/web-shop-model.appspot.com/o/images%2F1741592473587-fpiletina.png?alt=media&token=4687ba42-04b9-4dfd-a307-01821bbb4d27","unavailable","402","application/json; charset=UTF-8",""
"QN6WrQglDeWIkhZKSvKc","Frendy hrana za pse - Sensitive fish menu morska riba i pirinač 10kg","0","true","https://firebasestorage.googleapis.com/v0/b/web-shop-model.appspot.com/o/images%2F1741548252134-fsensitive-meni.png?alt=media&token=22f9c849-b20b-4e7d-b532-83e140380dbc","unavailable","402","application/json; charset=UTF-8",""
"ENOMkLvZkU7ahrbMQfAA","Frendy hrana za pse - Sensitive fish menu morska riba i pirinač 20kg","0","true","https://firebasestorage.googleapis.com/v0/b/web-shop-model.appspot.com/o/images%2F1741548315014-fsensitive-meni.png?alt=media&token=37d42ce9-79e4-42cb-a1d6-6903a9837e7d","unavailable","402","application/json; charset=UTF-8",""
"Iff4z05FAu4rgNwL6d0q","Frendy hrana za pse - Sensitive fish menu morska riba i pirinač 3kg","0","true","https://firebasestorage.googleapis.com/v0/b/web-shop-model.appspot.com/o/images%2F1741548192029-fsensitive-meni.png?alt=media&token=b18e878e-0a67-41e4-8355-21c46828468e","unavailable","402","application/json; charset=UTF-8",""
"nC02P05tnJZmUkb2lmpE","Frendy hrana za pse - Super sport menu ćuretina 10kg","0","true","https://firebasestorage.googleapis.com/v0/b/web-shop-model.appspot.com/o/images%2F1741547767184-fsupersport.png?alt=media&token=2a628764-3039-45d8-9356-761fca99c107","unavailable","402","application/json; charset=UTF-8",""
"R2GSZieIiRc00mXudebv","Frendy hrana za pse - Super sport menu ćuretina 20kg","0","true","https://firebasestorage.googleapis.com/v0/b/web-shop-model.appspot.com/o/images%2F1741547822135-fsupersport.png?alt=media&token=0972c450-ef0a-49b9-9cf8-7a0323d15d70","unavailable","402","application/json; charset=UTF-8",""
"7IDQYVZr4uHNa01lauG2","Frendy hrana za pse - Super sport menu ćuretina 3kg","0","true","https://firebasestorage.googleapis.com/v0/b/web-shop-model.appspot.com/o/images%2F1741547702329-fsupersport.png?alt=media&token=898014eb-3ef3-4901-a2d2-5cc34ddbab42","unavailable","402","application/json; charset=UTF-8",""
"AWQsxISeJ23p23Z9NbUm","Frendy hrana za pse - UNI DOG 20kg","0","true","https://firebasestorage.googleapis.com/v0/b/web-shop-model.appspot.com/o/images%2F1741592255160-uni-dog.png?alt=media&token=648f31d9-d5c2-4468-94c6-7c18df0e108e","unavailable","402","application/json; charset=UTF-8",""
"J3fh2KdpMuuZdso38DFB","Frendy hrana za pse - UNI DOG 5kg","0","true","https://firebasestorage.googleapis.com/v0/b/web-shop-model.appspot.com/o/images%2F1741592188721-uni-dog.png?alt=media&token=937d2573-4dac-4582-8f60-552fd8063f64","unavailable","402","application/json; charset=UTF-8",""
"cZE9UsuurhIrRkQfdaX8","Galbenon","0","true","https://firebasestorage.googleapis.com/v0/b/web-shop-model.appspot.com/o/images%2F1762509534762-GALBENON.webp?alt=media&token=294b3d05-cc41-4503-8102-f699e2acb0e4","unavailable","402","application/json; charset=UTF-8",""
"tgqD8K6UOdVwnZ3UXJDM","Galileo","0","true","https://firebasestorage.googleapis.com/v0/b/web-shop-model.appspot.com/o/images%2F1762515689995-galileo1.jpg?alt=media&token=9010fc2c-09ae-4e3d-8d1d-504ed3ebb9b3","unavailable","402","application/json; charset=UTF-8",""
"SkarGsxmQUePts3E4OQG","Galition ultra","0","true","https://firebasestorage.googleapis.com/v0/b/web-shop-model.appspot.com/o/images%2F1761990551689-galition%20ultra.jpg?alt=media&token=90e2f553-8371-421b-acc0-ec617a874bfb","unavailable","402","application/json; charset=UTF-8",""
"MkG8wAtOnztfG6UQnUm3","Galmin","0","true","https://firebasestorage.googleapis.com/v0/b/web-shop-model.appspot.com/o/images%2F1761990987659-galmin.jpg?alt=media&token=07c2708c-5082-428a-8a3e-6eb654b0b2e2","unavailable","402","application/json; charset=UTF-8",""
"GcydU5uhCkgNWrNjlhch","Galoksid","0","true","https://firebasestorage.googleapis.com/v0/b/web-shop-model.appspot.com/o/images%2F1762516127540-galoksid.webp?alt=media&token=59cd81c3-4be5-48fc-9338-d6673fed2090","unavailable","402","application/json; charset=UTF-8",""
"gqh4X1LpWmi9mX62InFf","Glifol 1l","0","true","https://firebasestorage.googleapis.com/v0/b/web-shop-model.appspot.com/o/images%2F1760174694541-glifol%202.jpeg?alt=media&token=12d08693-aab9-4795-8a08-7f358ecfc3f1","unavailable","402","application/json; charset=UTF-8",""
"WSIxjyUTW6gdTt0rU02e","Globus EC","0","true","https://firebasestorage.googleapis.com/v0/b/web-shop-model.appspot.com/o/images%2F1762509665989-GLOBUS-EC.webp?alt=media&token=bb33cefe-e831-40c9-a7eb-5fce5f56790e","unavailable","402","application/json; charset=UTF-8",""
"DHl9nd1mwAfHrbaQKAOp","Harpun","0","true","https://firebasestorage.googleapis.com/v0/b/web-shop-model.appspot.com/o/images%2F1761991287411-harpun.jpg?alt=media&token=38626cab-95bd-4bc3-89e5-539e3f128e6a","unavailable","402","application/json; charset=UTF-8",""
"0UErYDV8dIdnR9aITPru","Herbal hrana za pse - Gravidity G1 12kg","0","true","https://firebasestorage.googleapis.com/v0/b/web-shop-model.appspot.com/o/images%2F1741618887963-G1-3D.png?alt=media&token=d8ae926b-287b-4854-a257-7211829b63b1","unavailable","402","application/json; charset=UTF-8",""
"pDC7MuXnieWho8nGqoCj","Herbal hrana za pse - Gravidity G2 12kg","0","true","https://firebasestorage.googleapis.com/v0/b/web-shop-model.appspot.com/o/images%2F1741618991792-G2-3D-final.png?alt=media&token=1b7b6c7f-76c5-463b-9ff9-a1e3eecd40e4","unavailable","402","application/json; charset=UTF-8",""
"VxzqrFB9n3QfLFAceUF9","Herbal hrana za pse - Puppy Maxi 12kg","0","true","https://firebasestorage.googleapis.com/v0/b/web-shop-model.appspot.com/o/images%2F1741619063221-Puppy-MAXI-3D-final.png?alt=media&token=0efff16f-323f-4da2-b843-7b9cfd6f0487","unavailable","402","application/json; charset=UTF-8",""
"qsFQ68gktJeKY1aEuhwV","Herbal hrana za pse - Puppy Mini 12kg","0","true","https://firebasestorage.googleapis.com/v0/b/web-shop-model.appspot.com/o/images%2F1741619132819-Puppy-MINI-3D-final.png?alt=media&token=2402df53-77b3-4b61-9b10-422539ca94d3","unavailable","402","application/json; charset=UTF-8",""
"Oq3Es02HnkXKzTrjjXjD","Insajder","0","true","https://firebasestorage.googleapis.com/v0/b/web-shop-model.appspot.com/o/images%2F1762516439664-Insajder-300-ml.webp?alt=media&token=95102fc9-db13-4744-9a0a-21e8679e56ca","unavailable","402","application/json; charset=UTF-8",""
"deyNG3xIIPMddOzS1lpQ","Kabuki 2,5-EC","0","true","https://firebasestorage.googleapis.com/v0/b/web-shop-model.appspot.com/o/images%2F1762509772701-KABUKI-2.5.webp?alt=media&token=5368598e-5194-4389-843a-eaa2664ecc74","unavailable","402","application/json; charset=UTF-8",""
"GJwt4wGOmhMMwMxTggE6","Karika","0","true","https://firebasestorage.googleapis.com/v0/b/web-shop-model.appspot.com/o/images%2F1761991481859-KARIKA-1-l.webp?alt=media&token=181c5841-2de7-4351-a0b9-4156c49f5c15","unavailable","402","application/json; charset=UTF-8",""
"iLntt89T4Nimgb6y2oyp","Kozak","0","true","https://firebasestorage.googleapis.com/v0/b/web-shop-model.appspot.com/o/images%2F1762506822251-kozak1.JPG?alt=media&token=ae82af70-57c0-45e4-9c71-771430e95bea","unavailable","402","application/json; charset=UTF-8",""
"qs68J6zMiIlTd8YlwnAD","Krastavac kornišon Ajax F1","0","true","https://firebasestorage.googleapis.com/v0/b/web-shop-model.appspot.com/o/images%2F1762589172044-ajax%20kornison.jpg?alt=media&token=1042b3bf-350f-4e96-9fdf-25bbf861e17a","unavailable","402","application/json; charset=UTF-8",""
"qs68J6zMiIlTd8YlwnAD","Krastavac kornišon Ajax F1","1","false","https://firebasestorage.googleapis.com/v0/b/web-shop-model.appspot.com/o/images%2F1762589173821-ajax%202.jpg?alt=media&token=c05908ae-df1a-4e4c-a458-586d4be33091","unavailable","402","application/json; charset=UTF-8",""
"qs68J6zMiIlTd8YlwnAD","Krastavac kornišon Ajax F1","2","false","https://firebasestorage.googleapis.com/v0/b/web-shop-model.appspot.com/o/images%2F1762589175443-ajax%20kesica.png?alt=media&token=272325b1-2cca-471d-b2b0-e318a47b3eb9","unavailable","402","application/json; charset=UTF-8",""
"N9dMbFdLbNtNi9lM0ig2","Krastavac kornišon Monolit F1","0","true","https://firebasestorage.googleapis.com/v0/b/web-shop-model.appspot.com/o/images%2F1762588575944-monolit%203.jpg?alt=media&token=8e17bd50-1c26-4133-9c01-969baf5de105","unavailable","402","application/json; charset=UTF-8",""
"N9dMbFdLbNtNi9lM0ig2","Krastavac kornišon Monolit F1","1","false","https://firebasestorage.googleapis.com/v0/b/web-shop-model.appspot.com/o/images%2F1762588576881-monolit%202.jpg?alt=media&token=6d7b2289-deec-47e4-8148-b21e7d903c74","unavailable","402","application/json; charset=UTF-8",""
"N9dMbFdLbNtNi9lM0ig2","Krastavac kornišon Monolit F1","2","false","https://firebasestorage.googleapis.com/v0/b/web-shop-model.appspot.com/o/images%2F1762588578719-monolit%20kesica.jpg?alt=media&token=2ae99a44-c2e4-419c-aeee-a23f5f7718dc","unavailable","402","application/json; charset=UTF-8",""
"SSVGawpKRCqj00czC4ap","Kristal 20-20-20+ME","0","true","https://firebasestorage.googleapis.com/v0/b/web-shop-model.appspot.com/o/images%2F1741718836062-2.jpg?alt=media&token=8236899f-40e8-494c-ac67-f16dd4d78d38","unavailable","402","application/json; charset=UTF-8",""
"vFQDETYSsh0LqTEMbF71","Kristal Berry 14-8-30+2MgO+ME","0","true","https://firebasestorage.googleapis.com/v0/b/web-shop-model.appspot.com/o/images%2F1741719646054-8.jpg?alt=media&token=3bddf6cd-b4d5-4b8a-9f91-ff405df966b0","unavailable","402","application/json; charset=UTF-8",""
"RMogRjHlAZaMaHMSBMkx","Kristal Blueberry 1 20-5-10+ME","0","true","https://firebasestorage.googleapis.com/v0/b/web-shop-model.appspot.com/o/images%2F1741719768949-9.png?alt=media&token=a1e54c98-bb4a-4a3d-a22b-c0e2c640530b","unavailable","402","application/json; charset=UTF-8",""
"NzRmDrkGnjSrMHeyshCX","Kristal Blueberry 2 10-5-20+ME","0","true","https://firebasestorage.googleapis.com/v0/b/web-shop-model.appspot.com/o/images%2F1741719836499-10.png?alt=media&token=cdc22950-5abf-4919-a70b-a05acc0cffce","unavailable","402","application/json; charset=UTF-8",""
"KCiv6BpJOdyncWZcbsP4","Kristal Finale 5-10-45+ME","0","true","https://firebasestorage.googleapis.com/v0/b/web-shop-model.appspot.com/o/images%2F1741720012637-11.jpg?alt=media&token=2412d499-dbb2-4515-8195-9abe18caa6d9","unavailable","402","application/json; charset=UTF-8",""
"uZAMPWknD7Ay1nRnzCu6","Kristal Melon 14-7-28+3.5MgO+ME","0","true","https://firebasestorage.googleapis.com/v0/b/web-shop-model.appspot.com/o/images%2F1741719424501-6.jpg?alt=media&token=ea37757b-0b44-4e69-9a43-81e30572b372","unavailable","402","application/json; charset=UTF-8",""
"1an0d4DFVnIP18IuNRDA","Kristal Nitro 25-5-10+2MgO+ME","0","true","https://firebasestorage.googleapis.com/v0/b/web-shop-model.appspot.com/o/images%2F1741718995787-3.jpg?alt=media&token=d8bde6eb-a29b-46e4-ba83-8169b6304f78","unavailable","402","application/json; charset=UTF-8",""
"Rpk7LSErQSUslZqyznVh","Kristal Pepper 11-7-33+4MgO+ME","0","true","https://firebasestorage.googleapis.com/v0/b/web-shop-model.appspot.com/o/images%2F1741719530683-7.jpg?alt=media&token=1c5608d4-8927-44ec-a0e5-082684138c80","unavailable","402","application/json; charset=UTF-8",""
"wGZkzLCnZzrHYzNNn6Vn","Kristal Start 10-45-10+ME","0","true","https://firebasestorage.googleapis.com/v0/b/web-shop-model.appspot.com/o/images%2F1741718721968-1.jpg?alt=media&token=29caadc6-4619-4ff1-9797-0c2ed15ae971","unavailable","402","application/json; charset=UTF-8",""
"tN50ZHfBZEWoNi0f1ISO","Kristal Tomato 12.5-6-31+4MgO+ME","0","true","https://firebasestorage.googleapis.com/v0/b/web-shop-model.appspot.com/o/images%2F1741719305331-5.jpg?alt=media&token=ba3515d6-8f67-4db0-988c-e5e4a0027cba","unavailable","402","application/json; charset=UTF-8",""
"RVvOVSvx2aXI7kRH0Zcw","Kupus Potomak F1","0","true","https://firebasestorage.googleapis.com/v0/b/web-shop-model.appspot.com/o/images%2F1762522743473-potomak1.jpg?alt=media&token=f1c0100c-4612-4e78-844d-59891b883de5","unavailable","402","application/json; charset=UTF-8",""
"RVvOVSvx2aXI7kRH0Zcw","Kupus Potomak F1","1","false","https://firebasestorage.googleapis.com/v0/b/web-shop-model.appspot.com/o/images%2F1762522744512-POTOMAK_86_1.jpg?alt=media&token=cc198b0e-cc71-40c4-94e7-071860708090","unavailable","402","application/json; charset=UTF-8",""
"n1zZdhQ5Vd6qHxrCinFI","Kvazar","0","true","https://firebasestorage.googleapis.com/v0/b/web-shop-model.appspot.com/o/images%2F1762509915912-kvazar.webp?alt=media&token=4ebdc021-7eed-4741-a718-5d02afa94a4a","unavailable","402","application/json; charset=UTF-8",""
"ZbHVhkq9iUnvZo3lsVXE","Lebosol Bor","0","true","https://firebasestorage.googleapis.com/v0/b/web-shop-model.appspot.com/o/images%2F1764234175870-lebosol%20bor.jpg?alt=media&token=25bc20b2-3fe0-4fac-bfb4-d0cc05081066","unavailable","402","application/json; charset=UTF-8",""
"F5MQ6LCXKEaeQ4yXOcyK","Lebosol Calcium Forte","0","true","https://firebasestorage.googleapis.com/v0/b/web-shop-model.appspot.com/o/images%2F1764233965762-lebosol%20calcium.jpg?alt=media&token=45d7f127-0848-4bd1-bbfc-b7321dfbf4a5","unavailable","402","application/json; charset=UTF-8",""
"jZvdY6RzL1lEWlpD9Ox5","Lebosol Cink 700 SC","0","true","https://firebasestorage.googleapis.com/v0/b/web-shop-model.appspot.com/o/images%2F1764234452647-lebosol%20cink.jpg?alt=media&token=a8054d6b-c3b2-4bf5-aaf2-986111e4febf","unavailable","402","application/json; charset=UTF-8",""
"FOdROyOxMGgCoQ6IV4ZK","Lebosol Kalium 450","0","true","https://firebasestorage.googleapis.com/v0/b/web-shop-model.appspot.com/o/images%2F1764234101246-lebosol%20kalijum.jpg?alt=media&token=26c83446-1e02-4fd3-93bf-d5d124d0de81","unavailable","402","application/json; charset=UTF-8",""
"nFUA3Fn3GoWZM5otuq0U","Lebosol Mangan 500 SC","0","true","https://firebasestorage.googleapis.com/v0/b/web-shop-model.appspot.com/o/images%2F1764234356396-lebosol%20mangan.png?alt=media&token=95a659f1-d9c0-4773-ac33-725cfa807bf7","unavailable","402","application/json; charset=UTF-8",""
"FIZLf8jJ88lQoBFxWKa8","Lebosol Nutriplant 8-8-6","0","true","https://firebasestorage.googleapis.com/v0/b/web-shop-model.appspot.com/o/images%2F1764234627869-lebosol%208-8-6.png?alt=media&token=0bbd6a18-2c50-4b0f-9a68-dd399f3fffaf","unavailable","402","application/json; charset=UTF-8",""
"Hr9polObU9ByAoRmwVFs","Lebosol PK- Max 5/1","0","true","https://firebasestorage.googleapis.com/v0/b/web-shop-model.appspot.com/o/images%2F1764234275730-lebosol%20pk.jpg?alt=media&token=837fa51a-6109-44b6-94ca-3d634756fc0d","unavailable","402","application/json; charset=UTF-8",""
"2ldBozgPheD5nGpXH0Qn","Lebosol RapsMix SC","0","true","https://firebasestorage.googleapis.com/v0/b/web-shop-model.appspot.com/o/images%2F1764234540277-lebosol%20mix.jpg?alt=media&token=2027957d-e835-4059-882b-f16dbb02c4e7","unavailable","402","application/json; charset=UTF-8",""
"RaFhONpppzR2LangyOzz","Legat SP","0","true","https://firebasestorage.googleapis.com/v0/b/web-shop-model.appspot.com/o/images%2F1762516512232-legat.jpg?alt=media&token=1d5e8160-64dd-4c82-914d-fb6e792c6d92","unavailable","402","application/json; charset=UTF-8",""
"vo5INM7LszLohhTXm931","Lithomer (Cao-Mgo) 39,5%-10%","0","true","https://firebasestorage.googleapis.com/v0/b/web-shop-model.appspot.com/o/images%2F1764323090033-Lithomer.jpg?alt=media&token=5381d56d-3d5a-4fcb-b998-2f3944e25e65","unavailable","402","application/json; charset=UTF-8",""
"7iKw0J3P9BBPxODR8tqx","Logan","0","true","https://firebasestorage.googleapis.com/v0/b/web-shop-model.appspot.com/o/images%2F1762510081403-logan.webp?alt=media&token=c538ff34-4222-401c-9b81-3a401aa0ebbe","unavailable","402","application/json; charset=UTF-8",""
"e40RGzfmPrg2loEHjXYI","Magnetic","0","true","https://firebasestorage.googleapis.com/v0/b/web-shop-model.appspot.com/o/images%2F1762516713543-magnetic.webp?alt=media&token=46871c26-85b0-4514-a332-2a10e4deeabe","unavailable","402","application/json; charset=UTF-8",""
"OYronSZtaFmUWTCEUu4K","Magni-Cal B","0","true","https://firebasestorage.googleapis.com/v0/b/web-shop-model.appspot.com/o/images%2F1741768134520-5.jpg?alt=media&token=2cecee81-6b6d-411e-aa73-926737a3e664","unavailable","402","application/json; charset=UTF-8",""
"pBjrdhdsFWhWskRo9Q6i","Mangan Organo 12","0","true","https://firebasestorage.googleapis.com/v0/b/web-shop-model.appspot.com/o/images%2F1741768852998-FITOFERT-MANGAN-ORGANO-12.jpg?alt=media&token=d20ba02c-c391-4ec8-be00-5e2bc38281a3","unavailable","402","application/json; charset=UTF-8",""
"xi6OkAlOOApHCbe9a0mH","Megafol","0","true","https://firebasestorage.googleapis.com/v0/b/web-shop-model.appspot.com/o/images%2F1764233691673-megafol.png?alt=media&token=8a514904-8f1f-4ea7-9502-e31cd9113561","unavailable","402","application/json; charset=UTF-8",""
"vBCAKifsE7knAyAKGDyg","Metod 480 SC","0","true","https://firebasestorage.googleapis.com/v0/b/web-shop-model.appspot.com/o/images%2F1762517903990-metod.webp?alt=media&token=6d721a26-86cd-45de-b064-92528ecda832","unavailable","402","application/json; charset=UTF-8",""
"EbiKcdrOEK7b9U7lCsbt","Mg-Max","0","true","https://firebasestorage.googleapis.com/v0/b/web-shop-model.appspot.com/o/images%2F1741768030792-4.jpg?alt=media&token=189dc326-1488-4278-84fc-c4edaa6afc2e","unavailable","402","application/json; charset=UTF-8",""
"SmzjKtpbPzNpOWoei5ve","Monosan Herbi 500","0","true","https://firebasestorage.googleapis.com/v0/b/web-shop-model.appspot.com/o/images%2F1762510266028-monosan.webp?alt=media&token=37a1cd69-cffd-4b3d-955d-fbe2ae900f76","unavailable","402","application/json; charset=UTF-8",""
"fcqiAZHEnXCrFxbZQiUE","Motorni trimer Villager BC 1250 S","0","true","https://firebasestorage.googleapis.com/v0/b/web-shop-model.appspot.com/o/images%2F1740858683046-bc-trimer-s.jpg?alt=media&token=523c2d13-bdd7-43b3-a27c-75bca14ef9a7","unavailable","402","application/json; charset=UTF-8",""
"fcqiAZHEnXCrFxbZQiUE","Motorni trimer Villager BC 1250 S","1","false","https://firebasestorage.googleapis.com/v0/b/web-shop-model.appspot.com/o/images%2F1740858951642-trimer.jfif?alt=media&token=5c8c6c8f-b658-438e-b286-a70175892d65","unavailable","402","application/json; charset=UTF-8",""
"7HjjeoWeQVoXFpsPqE2H","Neon","0","true","https://firebasestorage.googleapis.com/v0/b/web-shop-model.appspot.com/o/images%2F1762518082744-Neon.jpeg?alt=media&token=ab18e75c-fab7-4c9a-9ee9-841d1ed922a8","unavailable","402","application/json; charset=UTF-8",""
"6eH9ISycdUETUyGBhkQy","Nervosol Organic NPK 4-3-4","0","true","https://firebasestorage.googleapis.com/v0/b/web-shop-model.appspot.com/o/images%2F1764322672560-nervosol.jpg?alt=media&token=51cefafc-8950-4874-81d2-e0f6941d5907","unavailable","402","application/json; charset=UTF-8",""
"C5lxjoRJ83bDW9LCEaer","Okvir","0","true","https://firebasestorage.googleapis.com/v0/b/web-shop-model.appspot.com/o/images%2F1762510420098-okvir2.jpg?alt=media&token=4a0e678e-e4f4-4e68-b951-3e7a565c58d7","unavailable","402","application/json; charset=UTF-8",""
"42uDFsvvn5RA2r1znDRY","Pampas","0","true","https://firebasestorage.googleapis.com/v0/b/web-shop-model.appspot.com/o/images%2F1762510595920-pampas.webp?alt=media&token=a504687c-3431-4b95-b7f6-ddcc90853640","unavailable","402","application/json; charset=UTF-8",""
"KS59Aeq2qsGAgNh4H0z1","Panorama Bio Plus","0","true","https://firebasestorage.googleapis.com/v0/b/web-shop-model.appspot.com/o/images%2F1764321850390-Panorama-BIO-PLUS.jfif?alt=media&token=45deae20-479f-4381-b996-919d6fd2df43","unavailable","402","application/json; charset=UTF-8",""
"pYlSzuFlYNcBncDYJJdv","Paradajz Motril F1","0","true","https://firebasestorage.googleapis.com/v0/b/web-shop-model.appspot.com/o/images%2F1762523039819-motril%20f1.jpg?alt=media&token=b88c4e70-8316-4bc2-8d26-ef48dc3e58c2","unavailable","402","application/json; charset=UTF-8",""
"c8lYb6PIhwcRGUbF6fHG","Pehar","0","true","https://firebasestorage.googleapis.com/v0/b/web-shop-model.appspot.com/o/images%2F1762518221970-pehar.webp?alt=media&token=4aaad6bc-25a3-4fcd-8315-84794d8b8077","unavailable","402","application/json; charset=UTF-8",""
"vMzzdAay34bbCZghgrtn","Ph Green","0","true","https://firebasestorage.googleapis.com/v0/b/web-shop-model.appspot.com/o/images%2F1741769402800-FITOFERT-PH-GREEN.jpg?alt=media&token=e187dedd-d256-4b36-8dcf-5ee8503f6047","unavailable","402","application/json; charset=UTF-8",""
"LvxNm02dsRCQKtl6qqjh","Plamen","0","true","https://firebasestorage.googleapis.com/v0/b/web-shop-model.appspot.com/o/images%2F1762510672288-PLAMEN.webp?alt=media&token=d369954a-a16a-4a35-ae85-cbff15a51218","unavailable","402","application/json; charset=UTF-8",""
"cVDPIH7HMdeqJc4RbKW2","Plavo ulje","0","true","https://firebasestorage.googleapis.com/v0/b/web-shop-model.appspot.com/o/images%2F1762518344320-plavo%20ulje.jpeg?alt=media&token=d3521130-ab9e-4f16-97d8-91025edf5dde","unavailable","402","application/json; charset=UTF-8",""
"9hUqZ4MsMTu2TTgTB646","Polux","0","true","https://firebasestorage.googleapis.com/v0/b/web-shop-model.appspot.com/o/images%2F1761989253044-polux%20(1).jpg?alt=media&token=970a2439-e7bb-4d28-81ae-5c064ea7e51a","unavailable","402","application/json; charset=UTF-8",""
"oTNQogKvcwLXU5pjuZWL","Premil hrana za pse - Atlantic 15kg","0","true","https://firebasestorage.googleapis.com/v0/b/web-shop-model.appspot.com/o/images%2F1741619480506-3D-Atlantic-oj1p.png?alt=media&token=16f991c1-110d-43a4-9061-052675219182","unavailable","402","application/json; charset=UTF-8",""
"KInY7chtPcPaTBRiXB2m","Premil hrana za pse - Atlantic 2,5kg","0","true","https://firebasestorage.googleapis.com/v0/b/web-shop-model.appspot.com/o/images%2F1741619399295-3D-Atlantic-oj1p.png?alt=media&token=2b18d7c0-729d-4356-9f1c-3a81ef7fc4b3","unavailable","402","application/json; charset=UTF-8",""
"hnbFJ5rHQqu3KpfxNNjK","Premil hrana za pse - Atlantic 900gr","0","true","https://firebasestorage.googleapis.com/v0/b/web-shop-model.appspot.com/o/images%2F1741619346701-3D-Atlantic-oj1p.png?alt=media&token=a227168d-10b7-40f5-90bc-d1882ba31378","unavailable","402","application/json; charset=UTF-8",""
"EQRs5XzE100Ty5Rm8g6u","Premil hrana za pse - Junior 15kg","0","true","https://firebasestorage.googleapis.com/v0/b/web-shop-model.appspot.com/o/images%2F1741619616543-3D-Junior.png?alt=media&token=1c5fbfaf-b7e7-49c3-a161-ca81950cd74d","unavailable","402","application/json; charset=UTF-8",""
"VMtX9DY97CbLp6e9YTDR","Premil hrana za pse - Junior 2,5kg","0","true","https://firebasestorage.googleapis.com/v0/b/web-shop-model.appspot.com/o/images%2F1741619574067-3D-Junior.png?alt=media&token=2c0eb188-367f-4c77-83a5-074652172f1d","unavailable","402","application/json; charset=UTF-8",""
"ZNLBrByFGeNoP1B6Jdjs","Premil hrana za pse - Large 15kg","0","true","https://firebasestorage.googleapis.com/v0/b/web-shop-model.appspot.com/o/images%2F1741619763719-3D-Large.png?alt=media&token=a63214dc-fe55-40ca-bfe7-2c7a93bf1e93","unavailable","402","application/json; charset=UTF-8",""
"W5UV70xENqYH7MpEserb","Premil hrana za pse - Large 2,5kg","0","true","https://firebasestorage.googleapis.com/v0/b/web-shop-model.appspot.com/o/images%2F1741619707979-3D-Large.png?alt=media&token=af3216b9-ea0a-40b8-bb5f-ba3a9571ebfa","unavailable","402","application/json; charset=UTF-8",""
"sDfz71ouEGEAvwJXWb3m","Premil hrana za pse - Mini 15kg","0","true","https://firebasestorage.googleapis.com/v0/b/web-shop-model.appspot.com/o/images%2F1741620346600-3D-Mini.png?alt=media&token=618e27fc-303e-42c9-b94e-638dde269b20","unavailable","402","application/json; charset=UTF-8",""
"Jc29b6eUUNRZY49Z3TDp","Premil hrana za pse - Mini 2,5kg","0","true","https://firebasestorage.googleapis.com/v0/b/web-shop-model.appspot.com/o/images%2F1741620300108-3D-Mini.png?alt=media&token=00ed1b72-b4a0-4c74-8374-dece9bc57ca7","unavailable","402","application/json; charset=UTF-8",""
"oFGZ3X1GRRetm0LnE314","Premil hrana za pse - Mini 900gr","0","true","https://firebasestorage.googleapis.com/v0/b/web-shop-model.appspot.com/o/images%2F1741620244150-3D-Mini.png?alt=media&token=8d6a5359-abd0-4d16-a6bd-e10202e1138d","unavailable","402","application/json; charset=UTF-8",""
"Ggaf6ZNYGy4ZeEKbpNj6","Promesa","0","true","https://firebasestorage.googleapis.com/v0/b/web-shop-model.appspot.com/o/images%2F1762518954334-promesa1.jpg?alt=media&token=d7ab79bf-a06a-4b4d-8467-527f2ca7f552","unavailable","402","application/json; charset=UTF-8",""
"ERqmaP6GnAIiosjBltWW","Proteksol ","0","true","https://firebasestorage.googleapis.com/v0/b/web-shop-model.appspot.com/o/images%2F1764323405909-proteksol.jpg?alt=media&token=8a9a47ee-9e6b-4f81-882e-595e71d3f7b5","unavailable","402","application/json; charset=UTF-8",""
"ccYRF4i2ydeaeVZCE6jD","Pylon","0","true","https://firebasestorage.googleapis.com/v0/b/web-shop-model.appspot.com/o/images%2F1762519173401-pylon1.jpg?alt=media&token=73b6785b-314e-45ca-9c3a-6de48d2a9714","unavailable","402","application/json; charset=UTF-8",""
"2QK63ZmNYbCVq1H42erP","Pylon plus","0","true","https://firebasestorage.googleapis.com/v0/b/web-shop-model.appspot.com/o/images%2F1762519311192-pylon%20plus.webp?alt=media&token=25924388-2479-43e6-bf31-654235d3c2ec","unavailable","402","application/json; charset=UTF-8",""
"nVglU6EIaQhumxOBkY52","Radifarm","0","true","https://firebasestorage.googleapis.com/v0/b/web-shop-model.appspot.com/o/images%2F1764233782041-radifarm.png?alt=media&token=9ba395c2-1167-4f77-9755-4ceffeff2478","unavailable","402","application/json; charset=UTF-8",""
"uJf9w7X9Oqah1EvsR1DW","Rafal 120","0","true","https://firebasestorage.googleapis.com/v0/b/web-shop-model.appspot.com/o/images%2F1762510858836-rafal-1201.jpg?alt=media&token=d838d0c2-13b8-4197-a80f-c0cc7b3aafec","unavailable","402","application/json; charset=UTF-8",""
"tjSrmmSXREgmcPlOnXRn","Rampa EC","0","true","https://firebasestorage.googleapis.com/v0/b/web-shop-model.appspot.com/o/images%2F1762511037981-rampa-ec1.jpg?alt=media&token=680816db-6084-4a7f-a88f-d194f64701fb","unavailable","402","application/json; charset=UTF-8",""
"TiCa4jgCl1zebogXmq4i","Rezon","0","true","https://firebasestorage.googleapis.com/v0/b/web-shop-model.appspot.com/o/images%2F1762511480648-rezon1.jpg?alt=media&token=e8d66770-226a-4f6f-9c1c-fbe9369dd937","unavailable","402","application/json; charset=UTF-8",""
"TYupL6NuDuqOnmJ9TbIf","Salata Genesis","0","true","https://firebasestorage.googleapis.com/v0/b/web-shop-model.appspot.com/o/images%2F1762522402462-genesis.jpg?alt=media&token=50b3036c-9bdc-478f-abb5-b8d7e198501a","unavailable","402","application/json; charset=UTF-8",""
"TYupL6NuDuqOnmJ9TbIf","Salata Genesis","1","false","https://firebasestorage.googleapis.com/v0/b/web-shop-model.appspot.com/o/images%2F1762522403594-genesis%202.jpeg?alt=media&token=cb08dea6-b83a-4e23-8f42-b9a279eefb63","unavailable","402","application/json; charset=UTF-8",""
"Mlpc31A9DH3v6FeZLzv2","Sekvenca","0","true","https://firebasestorage.googleapis.com/v0/b/web-shop-model.appspot.com/o/images%2F1762519604100-sekvenca.webp?alt=media&token=dc2371ff-d66d-4367-9081-f135f78089dc","unavailable","402","application/json; charset=UTF-8",""
"SCIPQEBP2kcwdtJO1ttL","Skaut","0","true","https://firebasestorage.googleapis.com/v0/b/web-shop-model.appspot.com/o/images%2F1762511689712-skaut1.jpg?alt=media&token=2240dbb5-73c2-4b8d-a520-c658855d57c9","unavailable","402","application/json; charset=UTF-8",""
"b4astX78JDGwyuqn0Bjh","Spektrum","0","true","https://firebasestorage.googleapis.com/v0/b/web-shop-model.appspot.com/o/images%2F1762511942066-spektrum..1.jpg?alt=media&token=2a5cb142-ba30-49bf-8ac1-cbb70eca28c5","unavailable","402","application/json; charset=UTF-8",""
"lpHD6fj6eo76v4SCnGdq","Talent","0","true","https://firebasestorage.googleapis.com/v0/b/web-shop-model.appspot.com/o/images%2F1762507099065-talent1.jpg?alt=media&token=edfa8203-0310-4056-8d2b-be4964b0db85","unavailable","402","application/json; charset=UTF-8",""
"pCgxibiNF3sJW2MOnlxx","Talisman ","0","true","https://firebasestorage.googleapis.com/v0/b/web-shop-model.appspot.com/o/images%2F1762512178337-Talisman-Herbicid-4.jpg?alt=media&token=6fde3063-1881-4fd0-9b43-77c3522a2cd8","unavailable","402","application/json; charset=UTF-8",""
"Q5qqOUFPcoXFVhVsDt2Z","Tekton","0","true","https://firebasestorage.googleapis.com/v0/b/web-shop-model.appspot.com/o/images%2F1762507679471-tekton1.jpg?alt=media&token=1bedc166-7b33-4bc8-bcb6-c2e9cc4ad358","unavailable","402","application/json; charset=UTF-8",""
"tyQPTA2xkm9dtkNyk74r","Test 1/1","0","true","https://firebasestorage.googleapis.com/v0/b/web-shop-model.appspot.com/o/images%2F1741444456475-DALL%C2%B7E%202024-11-16%2017.24.43%20-%20A%20professional%20and%20modern%20icon%20illustration%20of%20a%20pesticide%20bottle%2C%20featuring%20a%20sleek%20design%20with%20a%20prominent%20green%20color%20(%2354C143).%20The%20bottle%20has%20a%20r.webp?alt=media&token=3572c6d0-7424-4cab-ad1c-fff74555aff6","unavailable","402","application/json; charset=UTF-8",""
"MVFmLJDo9vDT79Z4DLgm","Test 250ml","0","true","https://firebasestorage.googleapis.com/v0/b/web-shop-model.appspot.com/o/images%2F1741444498623-DALL%C2%B7E%202024-11-16%2017.17.45%20-%20A%20professional%20and%20modern%20icon%20illustration%20of%20a%20pesticide%20bottle%2C%20featuring%20a%20sleek%20design%20with%20a%20prominent%20green%20color%20(%2354C143).%20The%20bottle%20has%20a%20r.webp?alt=media&token=19e6cd53-0069-42c4-b185-cee4baec269a","unavailable","402","application/json; charset=UTF-8",""
"EOoXYbeHlFpFsX6BUqpl","Test proizvod","0","true","https://firebasestorage.googleapis.com/v0/b/web-shop-model.appspot.com/o/images%2F1741443834931-meal.jpg?alt=media&token=bcd15e1c-e6ea-4f92-aeff-73c679ca5e80","unavailable","402","application/json; charset=UTF-8",""
"Me2iEK0oy15NeTDrOjj7","Test proizvod za akciju","0","true","https://firebasestorage.googleapis.com/v0/b/web-shop-model.appspot.com/o/images%2F1741443781807-DALL%C2%B7E%202024-11-16%2017.21.36%20-%20A%20professional%20and%20modern%20icon%20illustration%20of%20a%20pesticide%20bottle%2C%20featuring%20a%20sleek%20design%20with%20a%20prominent%20green%20color%20(%2354C143).%20The%20bottle%20has%20a%20r.webp?alt=media&token=9726ad8d-dfc7-4fa4-89d8-393c4601e1ab","unavailable","402","application/json; charset=UTF-8",""
"RoW487SbLPAXzsqrQQvb","Tezis","0","true","https://firebasestorage.googleapis.com/v0/b/web-shop-model.appspot.com/o/images%2F1762512339700-tezis1.jpg?alt=media&token=f6f022e4-8c2c-4fa9-8979-02285bda280b","unavailable","402","application/json; charset=UTF-8",""
"ncRccFCdD7bOTqahH1o6","Tonus","0","true","https://firebasestorage.googleapis.com/v0/b/web-shop-model.appspot.com/o/images%2F1762507889631-tonus1.jpg?alt=media&token=aa19373c-d386-4d70-ba25-029b8b43ba6c","unavailable","402","application/json; charset=UTF-8",""
"FXjUxQXdJGHkb6V3Z1pC","Traper","0","true","https://firebasestorage.googleapis.com/v0/b/web-shop-model.appspot.com/o/images%2F1762508181697-traper1.jpg?alt=media&token=7bf4f002-18d2-484e-9121-bfd37e1cd26d","unavailable","402","application/json; charset=UTF-8",""
"ZHNbmtc7xXciIDHkdIS0","Triton","0","true","https://firebasestorage.googleapis.com/v0/b/web-shop-model.appspot.com/o/images%2F1762508418259-triton1.jpg?alt=media&token=02ceeddf-fac5-412c-b422-085bf4258f03","unavailable","402","application/json; charset=UTF-8",""
"rS2kDsqHTeKyhWh8ZaNG","Velton WG","0","true","https://firebasestorage.googleapis.com/v0/b/web-shop-model.appspot.com/o/images%2F1762512519139-amb_velton_wg_b.jpg?alt=media&token=600fe780-0747-4e2d-b8d4-dbb48623b518","unavailable","402","application/json; charset=UTF-8",""
"vQZaWRdQgCntLva1dbK5","Wendy hrana za mačke - Konzerva sa lososom 400gr","0","true","https://firebasestorage.googleapis.com/v0/b/web-shop-model.appspot.com/o/images%2F1741594147698-wendy-konzerva-losos.png?alt=media&token=7982fe93-8de0-4bc9-b487-029d1de5b17a","unavailable","402","application/json; charset=UTF-8",""
"ps7m9c9AiDUikRQYgofx","Wendy hrana za mačke - Konzerva sa piletinom 400gr","0","true","https://firebasestorage.googleapis.com/v0/b/web-shop-model.appspot.com/o/images%2F1741594223145-wendy-konzerva-piletina.png?alt=media&token=80b69b35-c6f5-499a-bc46-7966e57fbbde","unavailable","402","application/json; charset=UTF-8",""
"GHgEpxAa97UGeGp1oQz5","Wendy hrana za mačke - Sensitive indoor 10kg","0","true","https://firebasestorage.googleapis.com/v0/b/web-shop-model.appspot.com/o/images%2F1741594062621-Wendy-sensitive.png?alt=media&token=12daec7d-89f9-4f6e-bce7-f8287840add6","unavailable","402","application/json; charset=UTF-8",""
"XWT6cbqR6cdfjVL0dOFj","Wendy hrana za mačke - Sensitive indoor 1kg","0","true","https://firebasestorage.googleapis.com/v0/b/web-shop-model.appspot.com/o/images%2F1741594016329-Wendy-sensitive.png?alt=media&token=15b8f09e-e3fc-4f43-822b-5052299bf82f","unavailable","402","application/json; charset=UTF-8",""
"W9q4Tx0kYwW5nYnu4DO0","Wendy hrana za mačke ćuretina 10kg","0","true","https://firebasestorage.googleapis.com/v0/b/web-shop-model.appspot.com/o/images%2F1741593649342-wendy-cyreca.png?alt=media&token=6396e2ae-34c2-47b2-9f0f-82c1b357568b","unavailable","402","application/json; charset=UTF-8",""
"fbYCQNM8yh4M73pp8z2E","Wendy hrana za mačke ćuretina 1kg","0","true","https://firebasestorage.googleapis.com/v0/b/web-shop-model.appspot.com/o/images%2F1741593605161-wendy-cyreca.png?alt=media&token=17030bfc-c35f-44dc-a416-258f40ce8162","unavailable","402","application/json; charset=UTF-8",""
"N2Yykch9HZvZonvdOYkM","Wendy hrana za mačke losos 10kg","0","true","https://firebasestorage.googleapis.com/v0/b/web-shop-model.appspot.com/o/images%2F1741593805296-wendy-losos.png?alt=media&token=5218d1ab-9b1e-476a-b6ab-208fc237e534","unavailable","402","application/json; charset=UTF-8",""
"gf2o13XJBOu2BRQtLJo1","Wendy hrana za mačke losos 1kg","0","true","https://firebasestorage.googleapis.com/v0/b/web-shop-model.appspot.com/o/images%2F1741593762804-wendy-losos.png?alt=media&token=01a2e438-657e-4143-aa24-478297dea4a2","unavailable","402","application/json; charset=UTF-8",""
"iPkNXxbiDs4ejVXErskA","Zanat","0","true","https://firebasestorage.googleapis.com/v0/b/web-shop-model.appspot.com/o/images%2F1762512909924-zanat11.jpg?alt=media&token=ee104433-fcfa-4517-af88-1763e6fa2be6","unavailable","402","application/json; charset=UTF-8",""
